Model,Training-Time,Prediction-Time,Accuracy,F1-Score,Recall,ROC_AUC-Score,FP,FN,TP,TN
AROW,0.05112051963806152,0.0010411739349365234,0.878,0.8863530507685142,0.9515,0.9715862500000001,0.1955,0.0485,0.9515,0.8045
